<?xml version="1.0" encoding="UTF-8"?>
<!DOCTYPE mapper PUBLIC "-//mybatis.org//DTD Mapper 3.0//EN" "http://mybatis.org/dtd/mybatis-3-mapper.dtd">
<mapper namespace="com.linkstudio.dao.BranchInfoMapper">
  <resultMap id="BaseResultMap" type="com.linkstudio.entity.BranchInfo">
    <id column="id" jdbcType="INTEGER" property="id" />
    <result column="name" jdbcType="VARCHAR" property="name" />
    <result column="school" jdbcType="VARCHAR" property="school" />
  </resultMap>
  <sql id="Base_Column_List">
    id, name, school
  </sql>
  <select id="selectByPrimaryKey" parameterType="java.lang.Integer" resultMap="BaseResultMap">
    select 
    <include refid="Base_Column_List" />
    from branch_info
    where id = #{id,jdbcType=INTEGER}
  </select>
  <select id="selectBykey" resultMap="BaseResultMap" parameterType="java.lang.String" >
    select
    <include refid="Base_Column_List" />
    from branch_rating
    where stu_id = #{stu_id,jdbcType=VARCHAR}
  </select>
  <delete id="deleteByPrimaryKey" parameterType="java.lang.Integer">
    delete from branch_info
    where id = #{id,jdbcType=INTEGER}
  </delete>
  <insert id="insert" parameterType="com.linkstudio.entity.BranchInfo">
    insert into branch_info (id, name, school
      )
    values (#{id,jdbcType=INTEGER}, #{name,jdbcType=VARCHAR}, #{school,jdbcType=VARCHAR}
      )
  </insert>
  <insert id="insertSelective" parameterType="com.linkstudio.entity.BranchInfo">
    insert into branch_info
    <trim prefix="(" suffix=")" suffixOverrides=",">
      <if test="id != null">
        id,
      </if>
      <if test="name != null">
        name,
      </if>
      <if test="school != null">
        school,
      </if>
    </trim>
    <trim prefix="values (" suffix=")" suffixOverrides=",">
      <if test="id != null">
        #{id,jdbcType=INTEGER},
      </if>
      <if test="name != null">
        #{name,jdbcType=VARCHAR},
      </if>
      <if test="school != null">
        #{school,jdbcType=VARCHAR},
      </if>
    </trim>
  </insert>
  <update id="updateByPrimaryKeySelective" parameterType="com.linkstudio.entity.BranchInfo">
    update branch_info
    <set>
      <if test="name != null">
        name = #{name,jdbcType=VARCHAR},
      </if>
      <if test="school != null">
        school = #{school,jdbcType=VARCHAR},
      </if>
    </set>
    where id = #{id,jdbcType=INTEGER}
  </update>
  <update id="updateByPrimaryKey" parameterType="com.linkstudio.entity.BranchInfo">
    update branch_info
    set name = #{name,jdbcType=VARCHAR},
      school = #{school,jdbcType=VARCHAR}
    where id = #{id,jdbcType=INTEGER}
  </update>
</mapper>