<?xml version="1.0" encoding="UTF-8"?>
<!DOCTYPE mapper PUBLIC "-//mybatis.org//DTD Mapper 3.0//EN" "http://mybatis.org/dtd/mybatis-3-mapper.dtd">
<mapper namespace="com.linkstudio.dao.TeacherMapper">
  <resultMap id="BaseResultMap" type="com.linkstudio.entity.Teacher">
    <id column="id" jdbcType="INTEGER" property="id" />
    <result column="account" jdbcType="VARCHAR" property="account" />
    <result column="passwd" jdbcType="VARCHAR" property="passwd" />
    <result column="school" jdbcType="VARCHAR" property="school" />
  </resultMap>
  <sql id="Base_Column_List">
    id, account, passwd, school
  </sql>
  <select id="selectByPrimaryKey" parameterType="java.lang.Integer" resultMap="BaseResultMap">
    select 
    <include refid="Base_Column_List" />
    from teacher
    where id = #{id,jdbcType=INTEGER}
  </select>
  <select id="selectByKey" parameterType="java.lang.String" resultMap="BaseResultMap">
    select
    <include refid="Base_Column_List" />
    from teacher
    where school = #{school,jdbcType=VARCHAR}
  </select>
  <delete id="deleteByPrimaryKey" parameterType="java.lang.Integer">
    delete from teacher
    where id = #{id,jdbcType=INTEGER}
  </delete>
  <insert id="insert" parameterType="com.linkstudio.entity.Teacher">
    insert into teacher (id, account, passwd, 
      school)
    values (#{id,jdbcType=INTEGER}, #{account,jdbcType=VARCHAR}, #{passwd,jdbcType=VARCHAR}, 
      #{school,jdbcType=VARCHAR})
  </insert>
  <insert id="insertSelective" parameterType="com.linkstudio.entity.Teacher">
    insert into teacher
    <trim prefix="(" suffix=")" suffixOverrides=",">
      <if test="id != null">
        id,
      </if>
      <if test="account != null">
        account,
      </if>
      <if test="passwd != null">
        passwd,
      </if>
      <if test="school != null">
        school,
      </if>
    </trim>
    <trim prefix="values (" suffix=")" suffixOverrides=",">
      <if test="id != null">
        #{id,jdbcType=INTEGER},
      </if>
      <if test="account != null">
        #{account,jdbcType=VARCHAR},
      </if>
      <if test="passwd != null">
        #{passwd,jdbcType=VARCHAR},
      </if>
      <if test="school != null">
        #{school,jdbcType=VARCHAR},
      </if>
    </trim>
  </insert>
  <update id="updateByPrimaryKeySelective" parameterType="com.linkstudio.entity.Teacher">
    update teacher
    <set>
      <if test="account != null">
        account = #{account,jdbcType=VARCHAR},
      </if>
      <if test="passwd != null">
        passwd = #{passwd,jdbcType=VARCHAR},
      </if>
      <if test="school != null">
        school = #{school,jdbcType=VARCHAR},
      </if>
    </set>
    where id = #{id,jdbcType=INTEGER}
  </update>
  <update id="updateByPrimaryKey" parameterType="com.linkstudio.entity.Teacher">
    update teacher
    set account = #{account,jdbcType=VARCHAR},
      passwd = #{passwd,jdbcType=VARCHAR},
      school = #{school,jdbcType=VARCHAR}
    where id = #{id,jdbcType=INTEGER}
  </update>
</mapper>